{
  "selected_model": "Linear Regression",
  "target_column": "Delivery_Time_min",
  "feature_columns": [
    "Distance_km",
    "Weather",
    "Traffic_Level",
    "Time_of_Day",
    "Vehicle_Type",
    "Preparation_Time_min",
    "Courier_Experience_yrs"
  ],
  "numeric_features": [
    "Distance_km",
    "Preparation_Time_min",
    "Courier_Experience_yrs"
  ],
  "categorical_features": [
    "Weather",
    "Traffic_Level",
    "Time_of_Day",
    "Vehicle_Type"
  ],
  "metrics": {
    "Linear Regression": {
      "MAE": 6.063414905264768,
      "RMSE": 8.952170614738877,
      "MAPE (%)": 10.739810999204586,
      "R2 Score": 0.8212036240893484
    },
    "Decision Tree": {
      "MAE": 8.773607093778315,
      "RMSE": 12.031627475295997,
      "MAPE (%)": 17.53172979598574,
      "R2 Score": 0.677038492151666
    }
  },
  "cross_validation": {
    "Linear Regression": {
      "CV MAE Mean": 6.600558696153075,
      "CV MAE Std": 0.6250065650004574,
      "CV R2 Mean": 0.7709802236518617,
      "CV R2 Std": 0.047669840386116984
    },
    "Decision Tree": {
      "CV MAE Mean": 9.246165236251628,
      "CV MAE Std": 0.6817475080940697,
      "CV R2 Mean": 0.6533015969057654,
      "CV R2 Std": 0.04238784330439911
    }
  }
}